{
  "duty_pump_speed_rpm": 1479.568710048849,
  "inlet_valve_open": true,
  "outlet_valve_position": 86.95098264528971,
  "inlet_pressure_bar": 1.9903443549820428,
  "outlet_pressure_bar": 38.75933358973332,
  "fault_code": 0
}