{
  "tank_level_pct": 47.64171304302005,
  "tank_volume_m3": 23.96279917447146,
  "pump_speed_rpm": 0.0,
  "pump_starts_today": 0,
  "discharge_pressure_bar": 0.0033035418846788186,
  "fault_code": 0
}