{
  "drum_pressure_bar": 0.605997027754914,
  "drum_temp_C": 85.58906301112773,
  "drum_level_pct": 51.38421676487633,
  "fw_pump_speed_rpm": 1199.9581728423152,
  "fault_code": 0
}